country,currency,yearLastUpdate,monthLastUpdate,contributors,item_id,item_name,average_price,lowest_price,highest_price
Austria,EUR,2023.0,12.0,982.0,1.0,Restaurant Meal,15.0,9.52701,20.0
Austria,EUR,2023.0,12.0,982.0,18.0,Transport Ticket,2.5,2.2,3.0
Austria,EUR,2023.0,12.0,982.0,26.0,Apartment Rent (Centre),832.3695804195804,600.0,1200.0
Austria,EUR,2023.0,12.0,982.0,27.0,Apartment Rent (Suburbs),672.5398601398601,500.0,950.0
Austria,EUR,2023.0,12.0,982.0,30.0,Basic Utilities,315.5975569027032,184.16666666666663,472.22222222222223
Austria,EUR,2023.0,12.0,982.0,33.0,Monthly Internet,33.519669421487606,25.0,42.0
Austria,EUR,2023.0,12.0,982.0,34.0,Phone Utilities,21.080136986301383,9.99,30.0
Austria,EUR,2023.0,12.0,982.0,40.0,Gym Membership,36.96504672897196,20.0,60.0
Austria,EUR,2023.0,12.0,982.0,105.0,"Average Monthly Net Salary (After Tax), Salaries And Financing",2355.7124683544303,2355.7124683544303,2355.7124683544303
Belgium,EUR,2023.0,12.0,972.0,1.0,Restaurant Meal,18.0,10.5,27.0
Belgium,EUR,2023.0,12.0,972.0,18.0,Transport Ticket,2.5,2.0,3.0
Belgium,EUR,2023.0,12.0,972.0,26.0,Apartment Rent (Centre),815.8063676470588,650.0,1100.0
Belgium,EUR,2023.0,12.0,972.0,27.0,Apartment Rent (Suburbs),686.52536,550.0,900.0
Belgium,EUR,2023.0,12.0,972.0,30.0,Basic Utilities,188.3555601471083,120.0,350.0
Belgium,EUR,2023.0,12.0,972.0,33.0,Monthly Internet,49.16346774193549,35.0,75.0
Belgium,EUR,2023.0,12.0,972.0,34.0,Phone Utilities,20.69921568627452,15.0,30.0
Belgium,EUR,2023.0,12.0,972.0,40.0,Gym Membership,29.704700000000003,20.0,56.0
Belgium,EUR,2023.0,12.0,972.0,105.0,"Average Monthly Net Salary (After Tax), Salaries And Financing",2426.448,2426.448,2426.448
Bulgaria,EUR,2023.0,12.0,1006.0,1.0,Restaurant Meal,7.674973178744865,5.11664878582991,15.34994635748973
Bulgaria,EUR,2023.0,12.0,1006.0,18.0,Transport Ticket,0.8186638057327856,0.511664878582991,1.023329757165982
Bulgaria,EUR,2023.0,12.0,1006.0,26.0,Apartment Rent (Centre),354.6880363495891,220.01589779068613,613.9978542995892
Bulgaria,EUR,2023.0,12.0,1006.0,27.0,Apartment Rent (Suburbs),266.1252402632995,153.4994635748973,409.3319028663928
Bulgaria,EUR,2023.0,12.0,1006.0,30.0,Basic Utilities,101.10554639488288,61.39978542995892,163.09318004832838
Bulgaria,EUR,2023.0,12.0,1006.0,33.0,Monthly Internet,11.86617743828458,8.698302935910847,16.373276114655713
Bulgaria,EUR,2023.0,12.0,1006.0,34.0,Phone Utilities,15.013248621083054,12.279957085991784,20.46659514331964
Bulgaria,EUR,2023.0,12.0,1006.0,40.0,Gym Membership,26.417763739720808,15.34994635748973,40.93319028663928
Bulgaria,EUR,2023.0,12.0,1006.0,105.0,"Average Monthly Net Salary (After Tax), Salaries And Financing",753.8647201269238,753.8647201269238,753.8647201269238
Croatia,EUR,2023.0,12.0,1004.0,1.0,Restaurant Meal,9.945367036954094,5.291315390048539,15.0
Croatia,EUR,2023.0,12.0,1004.0,18.0,Transport Ticket,1.458421177343788,0.6,2.0
Croatia,EUR,2023.0,12.0,1004.0,26.0,Apartment Rent (Centre),501.1947776597476,331.70447058163825,793.7068482523813
Croatia,EUR,2023.0,12.0,1004.0,27.0,Apartment Rent (Suburbs),386.4699620712841,263.43239692172926,600.0
Croatia,EUR,2023.0,12.0,1004.0,30.0,Basic Utilities,159.1976992833439,100.0,283.03478437754274
Croatia,EUR,2023.0,12.0,1004.0,33.0,Monthly Internet,23.76495035350854,19.00563232861472,33.14243345236417
Croatia,EUR,2023.0,12.0,1004.0,34.0,Phone Utilities,19.5,11.9,20.57
Croatia,EUR,2023.0,12.0,1004.0,40.0,Gym Membership,39.103257239445874,26.361009579026977,50.0
Croatia,EUR,2023.0,12.0,1004.0,105.0,"Average Monthly Net Salary (After Tax), Salaries And Financing",1073.6347578361915,1073.6347578361915,1073.6347578361915
Cyprus,EUR,2023.0,12.0,619.0,1.0,Restaurant Meal,15.0,8.8386289873294,25.0
Cyprus,EUR,2023.0,12.0,619.0,18.0,Transport Ticket,1.5,1.5,2.0
Cyprus,EUR,2023.0,12.0,619.0,26.0,Apartment Rent (Centre),940.6880740590894,500.0,1800.0
Cyprus,EUR,2023.0,12.0,619.0,27.0,Apartment Rent (Suburbs),774.0331839288635,450.0,1400.0
Cyprus,EUR,2023.0,12.0,619.0,30.0,Basic Utilities,183.1648015999595,120.0,300.0
Cyprus,EUR,2023.0,12.0,619.0,33.0,Monthly Internet,33.92308823529412,25.0,50.0
Cyprus,EUR,2023.0,12.0,619.0,34.0,Phone Utilities,20.415250000000004,10.0,30.0
Cyprus,EUR,2023.0,12.0,619.0,40.0,Gym Membership,60.18464285714286,40.0,80.0
Cyprus,EUR,2023.0,12.0,619.0,105.0,"Average Monthly Net Salary (After Tax), Salaries And Financing",1448.2592592592594,1448.2592592592594,1448.2592592592594
Czech Republic,EUR,2023.0,12.0,1123.0,1.0,Restaurant Meal,7.413041723831813,4.942027815887875,10.70772693442373
Czech Republic,EUR,2023.0,12.0,1123.0,18.0,Transport Ticket,1.029589128309974,0.8236713026479792,1.6473426052959583
Czech Republic,EUR,2023.0,12.0,1123.0,26.0,Apartment Rent (Centre),655.1776733588055,473.610999022588,1120.072607729347
Czech Republic,EUR,2023.0,12.0,1123.0,27.0,Apartment Rent (Suburbs),530.4609108674108,391.2438687577901,823.6713026479792
Czech Republic,EUR,2023.0,12.0,1123.0,30.0,Basic Utilities,263.5317623903221,185.3260430957953,555.978129287386
Czech Republic,EUR,2023.0,12.0,1123.0,33.0,Monthly Internet,20.211660626899,14.414247796339636,32.94685210591917
Czech Republic,EUR,2023.0,12.0,1123.0,34.0,Phone Utilities,28.19031506738762,20.55059900106708,49.42027815887875
Czech Republic,EUR,2023.0,12.0,1123.0,40.0,Gym Membership,47.90063689355868,24.710139079439376,73.03493440579632
Czech Republic,EUR,2023.0,12.0,1123.0,105.0,"Average Monthly Net Salary (After Tax), Salaries And Financing",1447.8998988744577,1447.8998988744577,1447.8998988744577
Denmark,EUR,2023.0,11.0,832.0,1.0,Restaurant Meal,19.5,12.739572536023474,33.5251908842723
Denmark,EUR,2023.0,11.0,832.0,18.0,Transport Ticket,3.218418324890141,2.682015270741784,4.023022906112676
Denmark,EUR,2023.0,11.0,832.0,26.0,Apartment Rent (Centre),1028.2547460367994,670.503817685446,1944.4610712877927
Denmark,EUR,2023.0,11.0,832.0,27.0,Apartment Rent (Suburbs),756.4024704885269,500.0,1341.007635370892
Denmark,EUR,2023.0,11.0,832.0,30.0,Basic Utilities,202.94564846381715,132.9832571742801,348.66198519643194
Denmark,EUR,2023.0,11.0,832.0,33.0,Monthly Internet,33.02078234680483,22.797129801305164,42.77814356833146
Denmark,EUR,2023.0,11.0,832.0,34.0,Phone Utilities,18.579241723177656,9.252952684059156,19.98101376702629
Denmark,EUR,2023.0,11.0,832.0,40.0,Gym Membership,35.34226815926628,24.00403667313897,48.27627487335212
Denmark,EUR,2023.0,11.0,832.0,105.0,"Average Monthly Net Salary (After Tax), Salaries And Financing",3323.6420016157663,3323.6420016157663,3323.6420016157663
Estonia,EUR,2023.0,12.0,439.0,1.0,Restaurant Meal,10.0,6.0,20.0
Estonia,EUR,2023.0,12.0,439.0,18.0,Transport Ticket,1.5,0.9,2.0
Estonia,EUR,2023.0,12.0,439.0,26.0,Apartment Rent (Centre),543.5967741935484,350.0,800.0
Estonia,EUR,2023.0,12.0,439.0,27.0,Apartment Rent (Suburbs),408.5892857142857,250.0,600.0
Estonia,EUR,2023.0,12.0,439.0,30.0,Basic Utilities,233.7447417166168,165.0,340.0
Estonia,EUR,2023.0,12.0,439.0,33.0,Monthly Internet,25.17830188679245,20.0,36.2
Estonia,EUR,2023.0,12.0,439.0,34.0,Phone Utilities,19.2,10.0,24.0
Estonia,EUR,2023.0,12.0,439.0,40.0,Gym Membership,44.49982456140351,20.0,67.0
Estonia,EUR,2023.0,12.0,439.0,105.0,"Average Monthly Net Salary (After Tax), Salaries And Financing",1432.278524590164,1432.278524590164,1432.278524590164
Finland,EUR,2023.0,11.0,837.0,1.0,Restaurant Meal,12.7,10.0,20.0
Finland,EUR,2023.0,11.0,837.0,18.0,Transport Ticket,3.1,2.8,3.8
Finland,EUR,2023.0,11.0,837.0,26.0,Apartment Rent (Centre),784.2642857142857,600.0,1200.0
Finland,EUR,2023.0,11.0,837.0,27.0,Apartment Rent (Suburbs),646.3947328244275,500.0,950.0
Finland,EUR,2023.0,11.0,837.0,30.0,Basic Utilities,115.3033395800417,68.25,236.7857142857143
Finland,EUR,2023.0,11.0,837.0,33.0,Monthly Internet,20.6562962962963,12.5,32.0
Finland,EUR,2023.0,11.0,837.0,34.0,Phone Utilities,26.69784615384616,20.0,27.0
Finland,EUR,2023.0,11.0,837.0,40.0,Gym Membership,38.28547400611621,20.0,60.0
Finland,EUR,2023.0,11.0,837.0,105.0,"Average Monthly Net Salary (After Tax), Salaries And Financing",2663.887385964912,2663.887385964912,2663.887385964912
France,EUR,2023.0,12.0,2459.0,1.0,Restaurant Meal,15.0,10.0,25.0
France,EUR,2023.0,12.0,2459.0,18.0,Transport Ticket,1.775,1.4,2.1
France,EUR,2023.0,12.0,2459.0,26.0,Apartment Rent (Centre),714.9688089026462,500.0,1329.878048780488
France,EUR,2023.0,12.0,2459.0,27.0,Apartment Rent (Suburbs),575.2406779661017,400.0,935.7894736842104
France,EUR,2023.0,12.0,2459.0,30.0,Basic Utilities,170.3921912344527,100.0,297.5
France,EUR,2023.0,12.0,2459.0,33.0,Monthly Internet,29.82149425287356,20.0,40.0
France,EUR,2023.0,12.0,2459.0,34.0,Phone Utilities,29.32582568807326,11.5,31.99
France,EUR,2023.0,12.0,2459.0,40.0,Gym Membership,32.7528233513727,20.0,50.0
France,EUR,2023.0,12.0,2459.0,105.0,"Average Monthly Net Salary (After Tax), Salaries And Financing",2302.848979193206,2302.848979193206,2302.848979193206
Germany,EUR,2023.0,12.0,5308.0,1.0,Restaurant Meal,12.0,8.0,20.0
Germany,EUR,2023.0,12.0,5308.0,18.0,Transport Ticket,3.0,2.4,3.7
Germany,EUR,2023.0,12.0,5308.0,26.0,Apartment Rent (Centre),815.575505758814,520.0,1500.0
Germany,EUR,2023.0,12.0,5308.0,27.0,Apartment Rent (Suburbs),618.3020695102686,400.0,1114.7083333333333
Germany,EUR,2023.0,12.0,5308.0,30.0,Basic Utilities,273.32510022449645,170.0,425.0
Germany,EUR,2023.0,12.0,5308.0,33.0,Monthly Internet,43.37706741511484,30.0,47.95
Germany,EUR,2023.0,12.0,5308.0,34.0,Phone Utilities,31.843848484848543,12.0,39.95
Germany,EUR,2023.0,12.0,5308.0,40.0,Gym Membership,33.792071917808215,20.0,60.0
Germany,EUR,2023.0,12.0,5308.0,105.0,"Average Monthly Net Salary (After Tax), Salaries And Financing",2777.0616700930004,2777.0616700930004,2777.0616700930004
Greece,EUR,2023.0,12.0,1658.0,1.0,Restaurant Meal,12.0,7.0,24.0
Greece,EUR,2023.0,12.0,1658.0,18.0,Transport Ticket,1.2,1.0,1.8
Greece,EUR,2023.0,12.0,1658.0,26.0,Apartment Rent (Centre),420.4528349650349,270.0,700.0
Greece,EUR,2023.0,12.0,1658.0,27.0,Apartment Rent (Suburbs),350.65055762081784,250.0,600.0
Greece,EUR,2023.0,12.0,1658.0,30.0,Basic Utilities,205.53589386231724,120.0,386.3636363636363
Greece,EUR,2023.0,12.0,1658.0,33.0,Monthly Internet,30.18423868312757,25.0,41.0
Greece,EUR,2023.0,12.0,1658.0,34.0,Phone Utilities,20.401449275362307,17.8,30.0
Greece,EUR,2023.0,12.0,1658.0,40.0,Gym Membership,39.37481481481481,20.0,60.0
Greece,EUR,2023.0,12.0,1658.0,105.0,"Average Monthly Net Salary (After Tax), Salaries And Financing",861.4485923423424,861.4485923423424,861.4485923423424
Hungary,EUR,2023.0,12.0,954.0,1.0,Restaurant Meal,7.899329057394058,5.266219371596039,13.165548428990098
Hungary,EUR,2023.0,12.0,954.0,18.0,Transport Ticket,1.1322371648931484,0.9215883900293068,1.3165548428990097
Hungary,EUR,2023.0,12.0,954.0,26.0,Apartment Rent (Centre),426.4149223589472,315.97316229576234,658.2774214495049
Hungary,EUR,2023.0,12.0,954.0,27.0,Apartment Rent (Suburbs),345.00731534149344,236.97987172182167,526.6219371596039
Hungary,EUR,2023.0,12.0,954.0,30.0,Basic Utilities,141.5941950208294,105.32438743192078,223.8143232928317
Hungary,EUR,2023.0,12.0,954.0,33.0,Monthly Internet,14.84442145385388,10.532438743192078,25.014542015081187
Hungary,EUR,2023.0,12.0,954.0,34.0,Phone Utilities,25.223041312650498,13.165548428990098,30.280761386677224
Hungary,EUR,2023.0,12.0,954.0,40.0,Gym Membership,38.58525190539682,23.697987172182177,55.29530340175841
Hungary,EUR,2023.0,12.0,954.0,105.0,"Average Monthly Net Salary (After Tax), Salaries And Financing",875.7349706755203,875.7349706755203,875.7349706755203
Ireland,EUR,2023.0,12.0,1461.0,1.0,Restaurant Meal,16.0,10.0,30.0
Ireland,EUR,2023.0,12.0,1461.0,18.0,Transport Ticket,2.05,1.9,3.5
Ireland,EUR,2023.0,12.0,1461.0,26.0,Apartment Rent (Centre),1471.5027472527472,950.0,2100.0
Ireland,EUR,2023.0,12.0,1461.0,27.0,Apartment Rent (Suburbs),1249.6198830409355,800.0,1900.0
Ireland,EUR,2023.0,12.0,1461.0,30.0,Basic Utilities,209.96291286864243,134.21052631578948,354.16666666666663
Ireland,EUR,2023.0,12.0,1461.0,33.0,Monthly Internet,48.51455782312925,35.0,65.0
Ireland,EUR,2023.0,12.0,1461.0,34.0,Phone Utilities,20.28301886792453,15.0,30.0
Ireland,EUR,2023.0,12.0,1461.0,40.0,Gym Membership,47.05428571428572,30.0,80.0
Ireland,EUR,2023.0,12.0,1461.0,105.0,"Average Monthly Net Salary (After Tax), Salaries And Financing",2851.1990263605435,2851.1990263605435,2851.1990263605435
Italy,EUR,2023.0,12.0,4094.0,1.0,Restaurant Meal,15.0,10.0,25.0
Italy,EUR,2023.0,12.0,4094.0,18.0,Transport Ticket,1.5,1.3,2.2
Italy,EUR,2023.0,12.0,4094.0,26.0,Apartment Rent (Centre),664.5277349859155,450.0,1427.948717948718
Italy,EUR,2023.0,12.0,4094.0,27.0,Apartment Rent (Suburbs),512.8757396449704,350.0,912.7073170731708
Italy,EUR,2023.0,12.0,4094.0,30.0,Basic Utilities,198.32307674957192,120.0,350.0
Italy,EUR,2023.0,12.0,4094.0,33.0,Monthly Internet,27.629143569696964,24.9,35.0
Italy,EUR,2023.0,12.0,4094.0,34.0,Phone Utilities,13.548337662337545,7.0,14.99
Italy,EUR,2023.0,12.0,4094.0,40.0,Gym Membership,47.55452428476381,29.0,70.0
Italy,EUR,2023.0,12.0,4094.0,105.0,"Average Monthly Net Salary (After Tax), Salaries And Financing",1571.8105370632672,1571.8105370632672,1571.8105370632672
Latvia,EUR,2023.0,12.0,448.0,1.0,Restaurant Meal,10.0,4.5,15.0
Latvia,EUR,2023.0,12.0,448.0,18.0,Transport Ticket,1.5,0.7,2.0
Latvia,EUR,2023.0,12.0,448.0,26.0,Apartment Rent (Centre),388.2558139534884,220.0,650.0
Latvia,EUR,2023.0,12.0,448.0,27.0,Apartment Rent (Suburbs),275.0,180.0,370.0
Latvia,EUR,2023.0,12.0,448.0,30.0,Basic Utilities,295.4609121815004,200.0,472.22222222222223
Latvia,EUR,2023.0,12.0,448.0,33.0,Monthly Internet,15.286851851851852,10.0,22.0
Latvia,EUR,2023.0,12.0,448.0,34.0,Phone Utilities,16.775000000000002,13.5,20.0
Latvia,EUR,2023.0,12.0,448.0,40.0,Gym Membership,38.70813953488372,21.0,50.0
Latvia,EUR,2023.0,12.0,448.0,105.0,"Average Monthly Net Salary (After Tax), Salaries And Financing",980.536757718497,980.536757718497,980.536757718497
Lithuania,EUR,2023.0,12.0,625.0,1.0,Restaurant Meal,10.0,6.0,20.0
Lithuania,EUR,2023.0,12.0,625.0,18.0,Transport Ticket,1.0,0.65,1.0
Lithuania,EUR,2023.0,12.0,625.0,26.0,Apartment Rent (Centre),626.2405063291139,400.0,900.0
Lithuania,EUR,2023.0,12.0,625.0,27.0,Apartment Rent (Suburbs),396.8939393939394,250.0,600.0
Lithuania,EUR,2023.0,12.0,625.0,30.0,Basic Utilities,187.71517072683125,140.0,300.0
Lithuania,EUR,2023.0,12.0,625.0,33.0,Monthly Internet,13.911551724137931,10.0,20.0
Lithuania,EUR,2023.0,12.0,625.0,34.0,Phone Utilities,13.81666666666666,9.0,15.0
Lithuania,EUR,2023.0,12.0,625.0,40.0,Gym Membership,32.98292307692307,19.0,60.0
Lithuania,EUR,2023.0,12.0,625.0,105.0,"Average Monthly Net Salary (After Tax), Salaries And Financing",1146.3107462686569,1146.3107462686569,1146.3107462686569
Luxembourg,EUR,2023.0,12.0,297.0,1.0,Restaurant Meal,18.0,9.5,25.0
Luxembourg,EUR,2023.0,12.0,297.0,18.0,Transport Ticket,0.0,0.0,0.0
Luxembourg,EUR,2023.0,12.0,297.0,26.0,Apartment Rent (Centre),1590.0192307692307,1266.0,2000.0
Luxembourg,EUR,2023.0,12.0,297.0,27.0,Apartment Rent (Suburbs),1283.1521739130435,1000.0,1700.0
Luxembourg,EUR,2023.0,12.0,297.0,30.0,Basic Utilities,211.2127251461988,161.0,400.0
Luxembourg,EUR,2023.0,12.0,297.0,33.0,Monthly Internet,47.28,40.0,58.9
Luxembourg,EUR,2023.0,12.0,297.0,34.0,Phone Utilities,19.28125,12.0,40.0
Luxembourg,EUR,2023.0,12.0,297.0,40.0,Gym Membership,35.96612903225807,20.0,80.0
Luxembourg,EUR,2023.0,12.0,297.0,105.0,"Average Monthly Net Salary (After Tax), Salaries And Financing",4724.037037037037,4724.037037037037,4724.037037037037
Malta,EUR,2023.0,12.0,510.0,1.0,Restaurant Meal,15.0,10.0,30.0
Malta,EUR,2023.0,12.0,510.0,18.0,Transport Ticket,2.0,1.5,2.0
Malta,EUR,2023.0,12.0,510.0,26.0,Apartment Rent (Centre),900.8163265306124,700.0,1300.0
Malta,EUR,2023.0,12.0,510.0,27.0,Apartment Rent (Suburbs),749.5402298850574,550.0,1000.0
Malta,EUR,2023.0,12.0,510.0,30.0,Basic Utilities,95.85681037486064,60.0,180.0
Malta,EUR,2023.0,12.0,510.0,33.0,Monthly Internet,31.40888888888889,25.0,60.0
Malta,EUR,2023.0,12.0,510.0,34.0,Phone Utilities,24.9914705882353,15.0,26.0
Malta,EUR,2023.0,12.0,510.0,40.0,Gym Membership,57.32440476190476,30.0,85.0
Malta,EUR,2023.0,12.0,510.0,105.0,"Average Monthly Net Salary (After Tax), Salaries And Financing",1440.4566210045664,1440.4566210045664,1440.4566210045664
Netherlands,EUR,2023.0,12.0,2396.0,1.0,Restaurant Meal,15.0,8.0,25.0
Netherlands,EUR,2023.0,12.0,2396.0,18.0,Transport Ticket,3.4,2.25,4.8
Netherlands,EUR,2023.0,12.0,2396.0,26.0,Apartment Rent (Centre),1196.690561577381,900.0,1800.0
Netherlands,EUR,2023.0,12.0,2396.0,27.0,Apartment Rent (Suburbs),964.4997049698796,699.1445454545454,1500.0
Netherlands,EUR,2023.0,12.0,2396.0,30.0,Basic Utilities,210.0852886784473,150.0,357.0
Netherlands,EUR,2023.0,12.0,2396.0,33.0,Monthly Internet,39.94150819672131,30.5,60.0
Netherlands,EUR,2023.0,12.0,2396.0,34.0,Phone Utilities,23.028894736842105,9.5,27.5
Netherlands,EUR,2023.0,12.0,2396.0,40.0,Gym Membership,30.32880046136102,18.0,58.0
Netherlands,EUR,2023.0,12.0,2396.0,105.0,"Average Monthly Net Salary (After Tax), Salaries And Financing",3254.151097849469,3254.151097849469,3254.151097849469
Poland,EUR,2023.0,12.0,2217.0,1.0,Restaurant Meal,8.062845516037912,5.759175368598509,12.67018581091672
Poland,EUR,2023.0,12.0,2217.0,18.0,Transport Ticket,1.0136148648733376,0.8293212530781854,1.267018581091672
Poland,EUR,2023.0,12.0,2217.0,26.0,Apartment Rent (Centre),659.4789965084478,460.7340294878807,967.5414619245496
Poland,EUR,2023.0,12.0,2217.0,27.0,Apartment Rent (Suburbs),525.1170688235752,345.5505221159105,783.2478501293972
Poland,EUR,2023.0,12.0,2217.0,30.0,Basic Utilities,235.99066097620235,161.2569103207583,345.5505221159105
Poland,EUR,2023.0,12.0,2217.0,33.0,Monthly Internet,13.37308982922442,11.518350737197018,18.42936117951523
Poland,EUR,2023.0,12.0,2217.0,34.0,Phone Utilities,11.850564221617226,5.759175368598509,14.973855958356124
Poland,EUR,2023.0,12.0,2217.0,40.0,Gym Membership,30.335442448841807,20.733031326954634,43.76973280134867
Poland,EUR,2023.0,12.0,2217.0,105.0,"Average Monthly Net Salary (After Tax), Salaries And Financing",1209.3775421570697,1209.3775421570697,1209.3775421570697
Portugal,EUR,2023.0,12.0,2097.0,1.0,Restaurant Meal,9.0,6.0,15.0
Portugal,EUR,2023.0,12.0,2097.0,18.0,Transport Ticket,1.75,1.3,2.5
Portugal,EUR,2023.0,12.0,2097.0,26.0,Apartment Rent (Centre),773.78283734375,500.0,1300.0
Portugal,EUR,2023.0,12.0,2097.0,27.0,Apartment Rent (Suburbs),598.8423416370107,400.0,950.0
Portugal,EUR,2023.0,12.0,2097.0,30.0,Basic Utilities,105.91130328488556,76.5,175.0
Portugal,EUR,2023.0,12.0,2097.0,33.0,Monthly Internet,35.10931877534812,28.0,50.0
Portugal,EUR,2023.0,12.0,2097.0,34.0,Phone Utilities,18.73924731182796,10.0,29.99
Portugal,EUR,2023.0,12.0,2097.0,40.0,Gym Membership,34.12112,20.0,50.0
Portugal,EUR,2023.0,12.0,2097.0,105.0,"Average Monthly Net Salary (After Tax), Salaries And Financing",1038.6411498607024,1038.6411498607024,1038.6411498607024
Romania,EUR,2023.0,12.0,1894.0,1.0,Restaurant Meal,7.064216655680069,5.045869039771478,13.119259503405845
Romania,EUR,2023.0,12.0,1894.0,18.0,Transport Ticket,0.6055042847725773,0.4036695231817182,0.8073390463634365
Romania,EUR,2023.0,12.0,1894.0,26.0,Apartment Rent (Centre),347.26691956885395,222.01823774994503,600.0
Romania,EUR,2023.0,12.0,1894.0,27.0,Apartment Rent (Suburbs),267.2088407450605,161.4678092726873,403.6695231817183
Romania,EUR,2023.0,12.0,1894.0,30.0,Basic Utilities,127.12981214498076,80.73390463634365,205.8714568226763
Romania,EUR,2023.0,12.0,1894.0,33.0,Monthly Internet,8.250412906967783,6.055042847725773,13.321094264996702
Romania,EUR,2023.0,12.0,1894.0,34.0,Phone Utilities,7.187291500962222,5.045869039771478,10.091738079542957
Romania,EUR,2023.0,12.0,1894.0,40.0,Gym Membership,35.184455804555895,20.18347615908592,50.45869039771478
Romania,EUR,2023.0,12.0,1894.0,105.0,"Average Monthly Net Salary (After Tax), Salaries And Financing",724.5780198128276,724.5780198128276,724.5780198128276
Slovakia,EUR,2023.0,11.0,723.0,1.0,Restaurant Meal,7.0,5.0,12.0
Slovakia,EUR,2023.0,11.0,723.0,18.0,Transport Ticket,0.9,0.6,1.1
Slovakia,EUR,2023.0,11.0,723.0,26.0,Apartment Rent (Centre),517.8061224489796,364.44444444444446,800.0
Slovakia,EUR,2023.0,11.0,723.0,27.0,Apartment Rent (Suburbs),423.89473684210526,300.0,600.0
Slovakia,EUR,2023.0,11.0,723.0,30.0,Basic Utilities,209.1331571071337,150.0,318.75
Slovakia,EUR,2023.0,11.0,723.0,33.0,Monthly Internet,17.724883720930233,12.9,25.0
Slovakia,EUR,2023.0,11.0,723.0,34.0,Phone Utilities,32.02325581395349,17.0,33.0
Slovakia,EUR,2023.0,11.0,723.0,40.0,Gym Membership,33.14705882352941,20.0,50.0
Slovakia,EUR,2023.0,11.0,723.0,105.0,"Average Monthly Net Salary (After Tax), Salaries And Financing",1029.7711388888888,1029.7711388888888,1029.7711388888888
Slovenia,EUR,2023.0,11.0,476.0,1.0,Restaurant Meal,10.0,7.0,15.0
Slovenia,EUR,2023.0,11.0,476.0,18.0,Transport Ticket,1.3,1.2,2.0
Slovenia,EUR,2023.0,11.0,476.0,26.0,Apartment Rent (Centre),597.9969692307692,358.76359999999994,900.0
Slovenia,EUR,2023.0,11.0,476.0,27.0,Apartment Rent (Suburbs),475.4761904761905,300.0,800.0
Slovenia,EUR,2023.0,11.0,476.0,30.0,Basic Utilities,218.49072802197804,150.0,425.0
Slovenia,EUR,2023.0,11.0,476.0,33.0,Monthly Internet,33.26634615384616,25.0,50.0
Slovenia,EUR,2023.0,11.0,476.0,34.0,Phone Utilities,9.528,7.99,20.0
Slovenia,EUR,2023.0,11.0,476.0,40.0,Gym Membership,40.10606060606061,25.0,60.0
Slovenia,EUR,2023.0,11.0,476.0,105.0,"Average Monthly Net Salary (After Tax), Salaries And Financing",1296.45825,1296.45825,1296.45825
Spain,EUR,2023.0,12.0,3162.0,1.0,Restaurant Meal,12.0,8.0,18.0
Spain,EUR,2023.0,12.0,3162.0,18.0,Transport Ticket,1.5,1.05,2.4
Spain,EUR,2023.0,12.0,3162.0,26.0,Apartment Rent (Centre),756.0885160714287,500.0,1200.0
Spain,EUR,2023.0,12.0,3162.0,27.0,Apartment Rent (Suburbs),615.2491766984537,420.0,1000.0
Spain,EUR,2023.0,12.0,3162.0,30.0,Basic Utilities,126.3101029555132,85.0,212.5
Spain,EUR,2023.0,12.0,3162.0,33.0,Monthly Internet,32.26725536992841,24.7551724137931,50.0
Spain,EUR,2023.0,12.0,3162.0,34.0,Phone Utilities,19.12099644128114,10.0,20.0
Spain,EUR,2023.0,12.0,3162.0,40.0,Gym Membership,38.87902523933855,25.0,60.0
Spain,EUR,2023.0,12.0,3162.0,105.0,"Average Monthly Net Salary (After Tax), Salaries And Financing",1767.6560189877894,1767.6560189877894,1767.6560189877894
Sweden,EUR,2023.0,11.0,1520.0,1.0,Restaurant Meal,10.566360407159465,7.924770305369599,17.17033566163413
Sweden,EUR,2023.0,11.0,1520.0,18.0,Transport Ticket,3.081855118754844,2.37743109161088,3.5221201357198217
Sweden,EUR,2023.0,11.0,1520.0,26.0,Apartment Rent (Centre),787.9307620866248,513.877327801522,1358.5086795325287
Sweden,EUR,2023.0,11.0,1520.0,27.0,Apartment Rent (Suburbs),592.88448437146,361.01731391128175,1056.6360407159466
Sweden,EUR,2023.0,11.0,1520.0,30.0,Basic Utilities,90.0216821280668,40.50438156077795,199.58680769078987
Sweden,EUR,2023.0,11.0,1520.0,33.0,Monthly Internet,27.97225723560645,17.61060067859911,42.17738862524487
Sweden,EUR,2023.0,11.0,1520.0,34.0,Phone Utilities,26.10467919556135,17.522547675206113,26.415901017898666
Sweden,EUR,2023.0,11.0,1520.0,40.0,Gym Membership,32.99759692728406,22.013250848248884,49.74994691704248
Sweden,EUR,2023.0,11.0,1520.0,105.0,"Average Monthly Net Salary (After Tax), Salaries And Financing",2488.5217908903755,2488.5217908903755,2488.5217908903755
Austria,,,,,,Transport Pass,60.19,,
Belgium,,,,,,Transport Pass,65.07,,
Bulgaria,,,,,,Transport Pass,27.67,,
Croatia,,,,,,Transport Pass,52.03,,
Cyprus,,,,,,Transport Pass,50.0,,
Czech Republic,,,,,,Transport Pass,24.12,,
Denmark,,,,,,Transport Pass,87.27,,
Estonia,,,,,,Transport Pass,32.53,,
Finland,,,,,,Transport Pass,76.18,,
France,,,,,,Transport Pass,91.2,,
Germany,,,,,,Transport Pass,74.28,,
Greece,,,,,,Transport Pass,32.59,,
Hungary,,,,,,Transport Pass,26.22,,
Ireland,,,,,,Transport Pass,130.13,,
Italy,,,,,,Transport Pass,49.88,,
Latvia,,,,,,Transport Pass,32.53,,
Lithuania,,,,,,Transport Pass,31.45,,
Luxembourg,,,,,,Transport Pass,0.0,,
Malta,,,,,,Transport Pass,28.2,,
Netherlands,,,,,,Transport Pass,96.79,,
Poland,,,,,,Transport Pass,39.61,,
Portugal,,,,,,Transport Pass,43.45,,
Romania,,,,,,Transport Pass,28.33,,
Slovakia,,,,,,Transport Pass,39.04,,
Slovenia,,,,,,Transport Pass,40.12,,
Spain,,,,,,Transport Pass,43.45,,
Sweden,,,,,,Transport Pass,95.79,,
